x1,x2,t,zin1,zin2,z1,z2,y,W11,W21,b1,W12,W22,b2
1,1,-1,0.55,0.45,1,1,1,-0.725,-0.575,-0.475,-0.625,-0.525,-0.575
1,-1,1,-0.625,-0.675,-1,-1,-1,0.0875,-1.3875,0.3375,-0.625,-0.525,-0.575
-1,1,1,-1.1375,-0.475,-1,-1,-1,0.0875,-1.3875,0.3375,-1.3625,0.2125,0.1625
-1,-1,-1,1.6375,1.3125,1,1,1,1.40625,-0.06875,1.40625,-0.20625,1.36875,-0.99375
